sheet,data_rows,columns,bytes
csv-21231-b01,9,9,1162
csv-21231-01,135,12,19709
csv-21231-02,7982,11,1840323
csv-21231-03,1115,11,239082
csv-21231-04,135,7,15867
csv-21231-05,1327,10,277036
csv-21231-06,164,10,31539
csv-21231-07,3694,10,776189
csv-21231-08,4015,10,844609
csv-21231-09,102,7,12678
csv-21231-10,102,7,10315
csv-21231-11,102,7,10247
csv-21231-12,1993,8,266253
csv-21231-13,1994,8,268074
csv-21231-14,3303,10,689834
csv-21231-15,3600,10,752664
csv-21231-16,102,7,12654
csv-21231-17,102,7,10329
csv-21231-18,102,7,10242
csv-21231-19,1915,8,256200
csv-21231-20,1908,8,256538
csv-21231-21,3061,10,635509
csv-21231-22,3346,10,695711
csv-21231-23,102,7,12690
csv-21231-24,102,7,10340
csv-21231-25,102,7,10261
csv-21231-26,1877,8,251445
csv-21231-27,1869,8,251493
csv-21231-28,2627,10,542829
csv-21231-29,2840,10,587293
csv-21231-30,102,7,12587
csv-21231-31,102,7,10290
csv-21231-32,102,7,10207
csv-21231-33,1611,8,213985
csv-21231-34,1600,8,213463
csv-21231-35,3478,10,728418
csv-21231-36,3788,10,794422
csv-21231-37,102,7,12647
csv-21231-38,102,7,10305
csv-21231-39,102,7,10249
csv-21231-40,1929,8,257060
csv-21231-41,1919,8,256989
